{
	"display": {
		"icon": {
			"item": "minecraft:air"
		},
		"title": "",
		"description": "",
		"show_toast": false,
		"announce_to_chat": false,
		"hidden": true
	},
	"criteria": {
		"player_interacted_with_entity": {
			"trigger": "minecraft:item_used_on_block",
			"conditions": {
				"location": {
					"block": {
						"blocks": ["minecraft:enchanting_table"]
					}
				},
				"item": {
					"items": ["minecraft:glass_bottle"]
				},
				"player": [
					{
						"condition": "minecraft:entity_properties",
						"entity": "this",
						"predicate": {
							"type_specific": {
								"type": "player",
								"level": {
									"min": 1
								}
							}
						}
					}
				]
			}
		}
	},
	"rewards": {
		"function": "xp_management:try_to_bottle_xp"
	}
}
