{
  "employees": [
    {
      "name": "Adele Henr",
      "department": "Sales",
      "position": "Executive",
      "age": 45,
      "start_sick_leave": "2021-02-15",
      "end_sick_leave": "2021-02-25",
      "disease": "Covid-19"
    },
    {
      "name": "Jennie Jackson",
      "department": "Tech",
      "position": "Engineer",
      "age": 30,
      "start_sick_leave": "2021-01-10",
      "end_sick_leave": "2021-01-20",
      "disease": "Flu"
    },
    {
      "name": "Philip Hudson",
      "department": "HR",
      "position": "Manager",
      "age": 35,
      "start_sick_leave": "2021-04-15",
      "end_sick_leave": "2021-04-25",
      "disease": "Flu"
    },
    {
      "name": "Frank Blac",
      "department": "Marketing",
      "position": "Analyst",
      "age": 40,
      "start_sick_leave": "2021-03-10",
      "end_sick_leave": "2021-03-15",
      "disease": "Covid-19"
    },
    {
      "name": "Floyd Patrick",
      "department": "Admin",
      "position": "Clerk",
      "age": 25,
      "start_sick_leave": "2021-07-01",
      "end_sick_leave": "2021-07-10",
      "disease": "Flu"
    },
    {
      "name": "John Smith",
      "department": "Sales",
      "position": "Manager",
      "age": 50,
      "start_sick_leave": "2021-05-01",
      "end_sick_leave": "2021-05-10",
      "disease": "Covid-19"
    },
    {
      "name": "Jane Doe",
      "department": "Marketing",
      "position": "Director",
      "age": 42,
      "start_sick_leave": "2021-06-15",
      "end_sick_leave": "2021-06-25",
      "disease": "Flu"
    },
    {
      "name": "Bob Johnson",
      "department": "Engineering",
      "position": "Lead Engineer",
      "age": 35,
      "start_sick_leave": "2021-08-01",
      "end_sick_leave": "2021-08-07",
      "disease": "Food poisoning"
    },
    {
      "name": "Sarah Lee",
      "department": "Sales",
      "position": "Sales Rep",
      "age": 28,
      "start_sick_leave": "2021-09-10",
      "end_sick_leave": "2021-09-17",
      "disease": "Flu"
    },
    {
      "name": "Mike Williams",
      "department": "IT",
      "position": "Support Tech",
      "age": 32,
      "start_sick_leave": "2021-11-15",
      "end_sick_leave": "2021-11-22",
      "disease": "Bronchitis"
    },
    {
      "name": "Emily Davis",
      "department": "Marketing",
      "position": "Copywriter",
      "age": 29,
      "start_sick_leave": "2021-12-01",
      "end_sick_leave": "2021-12-07",
      "disease": "Bronchitis"
    }
  ]
}
